Order ID,Order Date,Region,SKU,Qty,Sale Amount
ORD10691,04/11/2026, South,sku-009,6,$164.27
ORD10692,04/16/2026,West,SKU-008,3,$282.90
ORD10693,04/27/2026,West ,SKU-038,5,$60.73
ORD10694,04/25/2026,West,SKU-036,5,$569.69
ORD10695,04/15/2026,south,SKU-014,4,$249.37
ORD10696,04/14/2026,north,SKU-010,5,$444.11
ORD10697,04/23/2026, East,SKU-001,12,"$1,398.47"
ORD10698,04/28/2026, East,SKU-035,2,$188.56
ORD10699,04/04/2026, North,SKU-020,8,$952.15
ORD10700,04/27/2026, West,SKU-010,9,$844.36
ORD10701,04/01/2026,south,SKU-025,10,$886.11
ORD10702,04/03/2026,south,SKU-001,10,"$1,170.23"
ORD10703,04/06/2026,east,SKU-012,5,$168.00
ORD10704,04/07/2026,west,SKU-017,2,$107.15
ORD10705,04/03/2026,West,SKU-022,1,$128.62
ORD10706,04/06/2026,North ,SKU-002,8,$892.33
ORD10707,04/20/2026,north,SKU-006,8,$359.81
ORD10708,04/26/2026, West,SKU-039,7,$553.64
ORD10709,04/09/2026, West,SKU-007,12,$753.59
ORD10710,04/06/2026,west,SKU-020,7,"$1,230.06"
ORD10711,04/16/2026,South ,SKU-011,5,$263.43
ORD10712,04/01/2026,EAST,SKU-024,11,$714.46
ORD10713,04/09/2026,West,SKU-034,7,$460.27
ORD10714,04/10/2026,NORTH,SKU-005,1,$160.06
ORD10715,04/17/2026,west,SKU-010,6,$328.96
ORD10716,04/09/2026, South,SKU-008,11,$219.50
ORD10717,04/11/2026,NORTH,SKU-018,5,$139.82
ORD10718,04/27/2026,EAST,SKU-040,4,$450.04
ORD10719,04/28/2026,north,sku-006,10,$128.23
ORD10720,04/11/2026,West ,SKU-026,2,$101.79
ORD10721,04/09/2026,West ,SKU-016,1,$89.91
ORD10722,04/13/2026,West ,SKU-036,10,$212.65
ORD10723,04/15/2026,SOUTH,SKU-004,11,"$1,021.08"
ORD10724,04/07/2026, North,SKU-005,12,"$1,059.28"
ORD10725,04/02/2026, South,SKU-028,5,$835.84
ORD10726,04/12/2026, West,SKU-016,5,$231.75
ORD10727,04/15/2026,WEST,SKU-014,4,$310.11
ORD10728,04/01/2026, South,SKU-015,6,$393.60
ORD10729,04/28/2026,EAST,sku-015,6,$824.01
ORD10730,04/08/2026,south,SKU-025,5,$861.35
ORD10731,04/10/2026,south,SKU-007,2,$108.72
ORD10732,04/05/2026,North ,SKU-019,5,$137.02
ORD10733,04/10/2026,west,SKU-037,1,$87.86
ORD10734,04/15/2026, West,SKU-014,8,$662.25
ORD10735,04/02/2026,EAST,SKU-012,1,$101.08
ORD10736,04/26/2026,EAST,SKU-003,3,$388.20
ORD10737,04/29/2026,west,SKU-036,3,$278.58
ORD10738,04/29/2026,South,SKU-024,4,$638.18
ORD10739,04/28/2026,east,SKU-004,1,$28.40
ORD10740,04/01/2026,South ,SKU-017,10,$990.70
ORD10741,04/16/2026, East,SKU-019,4,$335.58
ORD10742,04/15/2026, North,SKU-011,4,$219.89
ORD10743,04/21/2026,East ,SKU-006,6,$375.42
ORD10744,04/28/2026,east,SKU-030,7,"$1,206.84"
ORD10745,04/26/2026,North,SKU-003,10,"$1,731.79"
ORD10746,04/06/2026, West,SKU-021,12,$610.89
ORD10747,04/07/2026,South ,SKU-031,1,$66.97
ORD10748,04/17/2026,EAST,SKU-002,9,$519.89
ORD10749,04/11/2026, South,SKU-040,11,$508.21
ORD10750,04/28/2026, East,SKU-027,11,"$1,934.55"
ORD10751,04/24/2026, West,SKU-017,10,$589.37
ORD10752,04/10/2026,south,SKU-006,11,"$1,422.09"
ORD10753,04/05/2026,north,SKU-013,4,$337.21
ORD10754,04/23/2026, East,SKU-006,12,"$1,294.02"
ORD10755,04/08/2026,east,SKU-012,6,$702.84
ORD10756,04/15/2026,west,SKU-029,11,"$1,711.87"
ORD10757,04/14/2026,East ,SKU-020,10,$306.29
ORD10758,04/09/2026,SOUTH,SKU-038,12,"$1,977.45"
ORD10759,04/27/2026,north,SKU-004,2,$325.27
ORD10760,04/08/2026, East,SKU-017,9,"$1,100.31"
ORD10761,04/24/2026,NORTH,SKU-001,1,$71.75
ORD10762,04/10/2026,NORTH,SKU-034,5,$851.32
ORD10763,04/09/2026,west,SKU-010,1,$95.43
ORD10764,04/05/2026, North,SKU-037,3,$434.08
ORD10765,04/15/2026,South ,SKU-039,3,$149.83
ORD10766,04/16/2026,east,SKU-003,8,$566.89
ORD10767,04/28/2026,East ,SKU-026,8,"$1,249.92"
ORD10768,04/14/2026,West ,SKU-011,2,$174.98
ORD10769,04/06/2026,North ,sku-011,7,$142.93
ORD10770,04/01/2026,South,SKU-031,5,$890.51
ORD10771,04/04/2026,north,SKU-019,8,$147.39
ORD10772,04/06/2026,NORTH,SKU-022,3,$243.64
ORD10773,04/02/2026,South ,SKU-009,12,$485.57
ORD10774,04/20/2026,West ,SKU-024,10,"$1,279.91"
ORD10775,04/29/2026,SOUTH,SKU-012,11,"$1,449.11"
ORD10776,04/19/2026,West ,SKU-036,10,$404.23
ORD10777,04/15/2026,NORTH,SKU-034,4,$550.17
ORD10778,04/28/2026,south,SKU-034,10,"$1,409.90"
ORD10779,04/03/2026,East,SKU-027,9,$89.81
ORD10780,04/21/2026,North ,SKU-016,7,$714.78
ORD10781,04/12/2026,WEST,SKU-035,5,$891.11
ORD10782,04/25/2026,North,SKU-012,1,$82.69
ORD10783,04/15/2026, East,SKU-040,2,$100.97
ORD10784,04/08/2026,South ,SKU-023,9,$623.93
ORD10785,04/30/2026,north,SKU-023,11,$772.77
ORD10786,04/03/2026, East,SKU-022,11,"$1,667.34"
ORD10787,04/19/2026,South ,SKU-003,11,$897.16
ORD10788,04/23/2026,SOUTH,SKU-019,10,"$1,061.11"
ORD10789,04/04/2026,East ,SKU-038,11,$537.96
ORD10790,04/22/2026,North,SKU-015,11,$167.93
ORD10791,04/12/2026,East ,SKU-010,1,$162.55
ORD10792,04/18/2026,West,SKU-007,2,$53.38
ORD10793,04/24/2026,East ,SKU-026,1,$36.66
ORD10794,04/09/2026, South,SKU-014,10,"$1,367.94"
ORD10795,04/07/2026,north,SKU-011,8,$96.75
ORD10796,04/04/2026,north,SKU-021,12,$178.19
ORD10797,04/25/2026, South,SKU-013,9,$915.53
ORD10798,04/20/2026,EAST,SKU-040,4,$604.75
ORD10799,04/22/2026,SOUTH,SKU-037,2,$92.25
ORD10800,04/25/2026,NORTH,SKU-008,8,$582.46
ORD10801,04/29/2026,EAST,SKU-034,5,$421.09
ORD10802,04/15/2026,north,SKU-028,6,$200.10
ORD10803,04/14/2026, East,SKU-005,12,"$1,165.54"
ORD10804,04/14/2026, North,SKU-038,6,$463.71
ORD10805,04/19/2026,South,SKU-037,4,$166.78
ORD10806,04/28/2026,east,SKU-023,1,$170.95
ORD10807,04/17/2026,West ,SKU-023,7,$794.31
ORD10808,04/22/2026,NORTH,SKU-018,4,$147.42
ORD10809,04/25/2026,WEST,SKU-021,5,$127.56
ORD10810,04/11/2026,west,SKU-010,2,$231.39
ORD10811,04/25/2026, East,SKU-027,12,"$2,109.80"
ORD10812,04/19/2026,EAST,SKU-013,5,$493.47
ORD10813,04/30/2026,west,SKU-035,4,$363.69
ORD10814,04/10/2026,North ,SKU-030,12,"$2,089.29"
ORD10815,04/21/2026, South,SKU-020,7,$411.20
ORD10816,04/16/2026,south,SKU-019,4,$496.42
ORD10817,04/13/2026,West ,SKU-019,9,$542.61
ORD10818,04/19/2026,South,SKU-036,4,$530.07
ORD10819,04/04/2026,North ,SKU-003,12,$316.69
ORD10820,04/12/2026,North,SKU-029,2,$37.01
ORD10821,04/10/2026,east,SKU-029,10,$348.68
ORD10822,04/09/2026, East,SKU-022,5,$46.77
ORD10823,04/10/2026,North ,SKU-002,10,"$1,733.59"
ORD10824,04/28/2026,south,SKU-021,7,$582.67
ORD10825,04/18/2026,West,SKU-002,11,"$1,432.05"
ORD10826,04/29/2026,east,SKU-034,3,$318.95
ORD10827,04/08/2026, South,SKU-038,8,$302.22
ORD10828,04/23/2026,North,SKU-034,8,$558.06
ORD10829,04/25/2026, South,SKU-021,7,$743.52
ORD10830,04/13/2026,South,SKU-038,12,"$1,687.66"
ORD10831,04/23/2026,WEST,SKU-034,9,$948.20
ORD10832,04/28/2026,West ,SKU-002,4,$235.28
ORD10833,04/20/2026,WEST,SKU-033,3,$339.01
ORD10834,04/20/2026, South,SKU-023,7,$464.03
ORD10835,04/23/2026, North,SKU-031,1,$106.11
ORD10836,04/23/2026,West,SKU-023,4,$389.61
ORD10837,04/23/2026, North,SKU-034,6,$751.52
ORD10838,04/30/2026,West ,SKU-024,4,$606.04
ORD10839,04/22/2026, North,SKU-019,9,$713.79
ORD10840,04/19/2026,South ,SKU-003,6,$947.37
ORD10841,04/01/2026,South,SKU-019,1,$11.33
ORD10842,04/16/2026,NORTH,SKU-006,7,$691.84
ORD10843,04/28/2026, East,SKU-001,7,"$1,061.35"
ORD10844,04/19/2026,South,SKU-005,10,"$1,053.59"
ORD10845,04/09/2026, West,SKU-025,6,$84.34
ORD10846,04/28/2026, South,SKU-031,6,$667.80
ORD10847,04/28/2026, South,SKU-037,5,$219.36
ORD10848,04/01/2026,South ,SKU-002,6,$905.70
ORD10849,04/25/2026,West ,SKU-029,2,$340.16
ORD10850,04/19/2026,North ,SKU-015,7,$275.42
ORD10851,04/24/2026, West,SKU-038,11,$690.35
ORD10852,04/25/2026,SOUTH,SKU-024,1,$13.40
ORD10853,04/18/2026,EAST,SKU-002,12,$788.60
ORD10854,04/13/2026,WEST,SKU-012,2,$141.59
ORD10855,04/30/2026,West ,SKU-018,2,$145.57
ORD10856,04/09/2026,East,SKU-039,11,"$1,436.59"
ORD10857,04/24/2026, North,SKU-011,5,$634.20
ORD10858,04/14/2026,South,SKU-026,4,$48.11
ORD10859,04/02/2026,west,SKU-016,5,$186.19
ORD10860,04/08/2026, South,SKU-004,1,$73.10
ORD10861,04/25/2026,north,SKU-028,6,$274.74
ORD10862,04/12/2026,West ,sku-037,8,$273.55
ORD10863,04/30/2026,North,SKU-013,11,$335.15
ORD10864,04/26/2026,east,SKU-030,7,$528.78
ORD10865,04/25/2026, East,SKU-020,2,$335.78
ORD10866,04/27/2026,East ,SKU-032,2,$93.12
ORD10867,04/30/2026,WEST,SKU-030,1,$43.35
ORD10868,04/29/2026,East,SKU-023,7,$698.38
ORD10869,04/26/2026,South,SKU-018,5,$83.26
ORD10870,04/20/2026, East,SKU-020,4,$697.51
ORD10871,04/30/2026, East,SKU-011,2,$303.02
ORD10872,04/28/2026,West ,SKU-034,1,$88.07
ORD10873,04/26/2026,north,SKU-015,1,$80.84
ORD10874,04/04/2026,East,SKU-008,3,$428.12
ORD10875,04/11/2026,South,SKU-037,6,$263.37
ORD10876,04/11/2026,East,SKU-026,12,"$1,536.07"
ORD10877,04/14/2026,South ,SKU-029,12,"$1,961.26"
ORD10878,04/01/2026,east,SKU-023,8,"$1,302.68"
ORD10879,04/27/2026,East ,SKU-027,3,$482.76
ORD10880,04/11/2026, East,SKU-029,8,"$1,090.81"
ORD10881,04/15/2026,West ,SKU-010,8,$393.55
ORD10882,04/28/2026,North,SKU-036,3,$306.74
ORD10883,04/18/2026,North,SKU-030,5,$781.37
ORD10884,04/23/2026,East,SKU-007,8,$683.96
ORD10885,04/28/2026,North ,SKU-040,8,$382.18
ORD10886,04/30/2026,EAST,SKU-018,8,$281.46
ORD10887,04/04/2026,South,SKU-022,5,$633.57
ORD10888,04/25/2026,West,SKU-029,9,"$1,030.88"
ORD10889,04/06/2026,North,SKU-021,7,$339.66
ORD10890,04/10/2026,East ,SKU-019,2,$305.70
ORD10891,04/23/2026,west,SKU-031,3,$111.32
ORD10892,04/14/2026,East ,SKU-035,10,"$1,256.81"
ORD10893,04/10/2026, West,SKU-027,4,$80.74
ORD10894,04/01/2026,South ,SKU-009,1,$168.78
ORD10895,04/04/2026,East ,SKU-037,6,$864.45
ORD10896,04/21/2026,South ,SKU-025,6,"$1,062.63"
ORD10897,04/03/2026,North,SKU-010,12,"$1,881.18"
ORD10898,04/01/2026,West,SKU-018,6,$278.88
ORD10899,04/13/2026,west,SKU-030,11,$176.73
ORD10900,04/07/2026, West,SKU-008,11,$913.19
ORD10901,04/13/2026,NORTH,SKU-002,2,$314.98
ORD10902,04/25/2026,North,SKU-028,1,$12.10
ORD10903,04/30/2026,South,SKU-036,12,$825.05
ORD10904,04/27/2026, South,SKU-023,11,"$1,047.40"
ORD10905,04/01/2026,North,SKU-012,11,$443.22
ORD10906,04/12/2026, South,SKU-007,12,"$1,758.03"
ORD10907,04/18/2026,West ,SKU-020,9,$997.83
ORD10908,04/09/2026,WEST,SKU-006,10,"$1,463.30"
ORD10909,04/04/2026,South ,SKU-027,7,$776.69
ORD10910,04/05/2026, East,SKU-039,3,$162.58
ORD10911,04/22/2026,West ,SKU-037,4,$413.10
ORD10912,04/09/2026,west,SKU-006,9,$350.02
ORD10913,04/21/2026,East,SKU-016,8,"$1,139.41"
ORD10914,04/13/2026,East ,SKU-027,9,$584.62
ORD10915,04/02/2026,west,SKU-018,10,$301.38
ORD10916,04/19/2026,North,SKU-001,5,$505.46
ORD10917,04/19/2026,WEST,SKU-011,8,$744.91
ORD10918,04/28/2026,west,SKU-022,7,"$1,240.58"
ORD10919,04/24/2026,South,SKU-016,7,$339.34
ORD10920,04/30/2026,WEST,SKU-005,9,$577.00
ORD10921,04/20/2026,SOUTH,SKU-016,6,$948.62
ORD10922,04/30/2026,west,SKU-037,7,$749.02
ORD10923,04/21/2026, West,SKU-001,10,$375.60
ORD10924,04/08/2026,North,SKU-008,2,$258.62
ORD10925,04/04/2026,SOUTH,SKU-014,8,$329.98
ORD10926,04/18/2026, South,SKU-038,6,$888.44
ORD10927,04/07/2026, West,SKU-029,8,$417.91
ORD10928,04/08/2026,West ,SKU-029,5,$753.44
ORD10929,04/23/2026,North,SKU-039,12,"$1,379.41"
ORD10930,04/17/2026,SOUTH,SKU-017,10,$627.83
ORD10931,04/17/2026,West,SKU-006,12,"$1,246.12"
ORD10932,04/27/2026, West,SKU-019,4,$358.19
ORD10933,04/27/2026,EAST,SKU-019,7,$691.13
ORD10934,04/19/2026,SOUTH,sku-013,2,$71.99

Total: 244 orders,,,,,
Generated by LegacySalesSystem v2.3,,,,,
